<?xml version="1.0" encoding="UTF-8"?>
<esp:page
	xmlns:esp="http://oracc.org/ns/esp/1.0"
	xmlns="http://www.w3.org/1999/xhtml"
>
	<esp:name>404</esp:name>
	<esp:title>404</esp:title>

	<html>
		<head>
		
		</head>
		<body>

			<p>You have reached this page because you requested a URL which Oracc could not understand and which is not a web page on Oracc.</p>

<p>If you were trying to use a special Oracc URL you might find some help on Oracc's <esp:link url="http://oracc.org/help/visitingoracc/citingurls">Citing URLs</esp:link> page.</p>

<p>Alternatively, you could use the <esp:link page="sitemap">Site Map</esp:link> to find what you want.</p>
		</body>
	</html>

</esp:page>
