<?xml version="1.0" encoding="utf-8"?>
<struct:page 
	xmlns:struct="http://oracc.org/ns/esp-struct/1.0"
        xmlns:wm="http://oracc.org/ns/esp/1.0"
	xmlns="http://www.w3.org/1999/xhtml"
	file="home.xml" id="home" accesskey="1" type="page">
  <struct:link url="http://oracc.org/dccmt/corpus" id="corpus" title="Corpus"/>
  <struct:page file="bibliography.xml" id="bibliography" accesskey="2" type="page"/>
  <struct:page file="metrology.xml" id="metrology" accesskey="3" type="page"/>
  <struct:page file="updates.xml" id="updates" accesskey="4" type="page"/>
  <struct:page file="about.xml" id="about" accesskey="6" type="page">
    <struct:page file="404.xml" id="404" hide-menu-link="yes" type="page"/>
    <struct:page file="accesskeys.xml" id="accesskeys" accesskey="0" type="page"/>
    <struct:page file="cookies.xml" id="cookies" accesskey="7"  type="page"/>
    <struct:page file="licensing.xml" id="licensing" accesskey="8"  type="page"/>
    <struct:page file="standards.xml" id="standards" type="page"/>
    <struct:page file="sitemap.xml" id="sitemap" accesskey="9"  type="page"/>
   </struct:page>
</struct:page>

