<locatingRules xmlns="http://thaiopensource.com/ns/locating-rules/1.0">

  <namespace ns="http://oracc.org/ns/esp/1.0" typeId="ESP"/>
  <typeId id="ESP" uri="esp.rnc"/>

  <namespace ns="http://oracc.org/ns/esp-refer/1.0" typeId="ESP-REFER"/>
  <typeId id="ESP-REFER" uri="esp-refer.rnc"/>

  <namespace ns="http://oracc.org/ns/esp-param/1.0" typeId="ESP-PARAM"/>
  <typeId id="ESP-PARAM" uri="esp-param.rnc"/>

  <namespace ns="http://oracc.org/ns/esp-struct/1.0" typeId="ESP-STRUCT"/>
  <typeId id="ESP-STRUCT" uri="esp-struct.rnc"/>

</locatingRules>
