<?xml version="1.0" encoding="utf-8"?>
<esp:page
	xmlns:esp="http://oracc.org/ns/esp/1.0"
	xmlns="http://www.w3.org/1999/xhtml"
>
	<esp:name>Cookies</esp:name>
	<esp:title>Cookies</esp:title>

	<html><head></head><body>

               

<p>The only cookies in use on Oracc websites are for Google Analytics. Google Analytics is a web analytics tool that helps website owners understand how visitors engage with their website.  Google Analytics users can view a variety of reports about how visitors interact with their website so that they can improve it.</p>

<p>Like many services, Google Analytics uses first-party cookies to track visitor interactions as in our case, where they are used to collect information about how visitors use our site. We then use the information to compile reports and to help us improve Oracc.</p>

<p>Having concrete user data enables us to show potential funders how Oracc is used, and where it needs to grow. For instance, a few years ago search data demonstrated that visitors wanted to learn more about cuneiform writing and about Mesopotamian deities. We were able use that data in funding applications for the projects that created <esp:link url="http://oracc.org/saao/knpp/cuneiformrevealed">Cuneiform Revealed</esp:link> and <esp:link url="http://oracc.org/amgg">Ancient Mesopotamian Gods and Goddesses</esp:link>.</p>

<p>Cookies contain information that is transferred to your computer’s hard drive. These cookies are used to store information, such as the time that the current visit occurred, whether the visitor has been to the site before and what site referred the visitor to the web page.</p>

<p>Google Analytics collects information anonymously. It reports website trends without identifying individual visitors. <em>You can opt out of Google Analytics without affecting how you use Oracc.</em> For more information on opting out of being tracked by Google Analytics across all websites you use, visit <esp:link url="http://tools.google.com/dlpage/gaoptout" rel="external">this Google page</esp:link>.</p>

<p>Oracc makes its top-level Google Analytics data public via <esp:link url="http://www.seethestats.com" rel="external">Seethestats.com</esp:link>. You can view them <esp:link url="http://www.seethestats.com/site/oracc.museum.upenn.edu" rel="external">here</esp:link>.</p> 
<p>If you are an Oracc project leader and don't yet have access to your project's more detailed Analytics data, please email <esp:email address="osc@oracc.org"/> and we will add you to Oracc's GA account.</p>

<p>This page was created with free resources from <esp:link url="http://www.cookieclarity.com" rel="external">Cookie Clarity</esp:link>. 
                </p>

<esp:author first-names="Eleanor" last-name="Robson"/>
<esp:content-last-modified/>
<esp:email address="osc@oracc.org"/>
	</body></html>

</esp:page>
