<?xml version="1.0" encoding="utf-8"?>
<esp:page
		xmlns:esp="http://oracc.org/ns/esp/1.0"
		xmlns="http://www.w3.org/1999/xhtml">
	
	<esp:name>About this website</esp:name>
	<esp:title>About this website: re-use, privacy, accessibility</esp:title>
	
	<html><head></head><body>

<p class="firstpara">We encourage you to re-use and adapt the material on this website that was created by the [XXX Project]. These pages explain the straightforward conditions under which you can do this, and point to further resources on how to do so. We also explain here our policies and practices on privacy and accessibility.</p>

<esp:h>How to re-use materials from this website</esp:h>
<p>The contents of this website, except where noted below, are released under a <esp:link url="http://creativecommons.org/licenses/by-sa/3.0/" hide-print="yes" rel="external">Creative Commons Attribution Share-Alike license 3.0</esp:link>.</p>

<esp:image url="http://i.creativecommons.org/l/by-sa/3.0/88x31.png" description="Creative Commons License"/>

<p>This means that you are free to copy, distribute, transmit and adapt our work without permission, under the following conditions:</p>
<ul>
<li><p>You must attribute the work to the XXXPproject and (if
relevant) the individual author, and also acknowledge the fact that we
are funded by [YYY]. We recommend the following wording: "Based on materials prepared by [name of author] for the [YYY]-funded [XXX] project" or "Based on materials prepared by the [YYY]-funded [XXX] project".</p></li>
<li><p>If you alter, transform, or build upon any material in this website, you may distribute the resulting work only under the same or similar license to this one.</p></li>
</ul>
<p>Any of these conditions may be waived in the right circumstances,
if you explicitly ask us for permission. You can email us at
<esp:email address="[PROJECT EMAIL]" />.</p>

<ul>
<li>Read the hints and suggestions for <esp:link url="http://oracc.org/doc2/help/visitor/reusing/" hide-print="yes" rel="external">reusing material from Oracc</esp:link>.</li>
</ul>

<p> <b>Images taken from third-party websites are all credited and linked to those websites, where information about copyright may be found.</b> If you have any doubts or questions about the licensing conditions of any material on our website please do not hesitate to get in touch.</p>

<esp:sh>Homepage image credit</esp:sh>
<p>[IF APPLICABLE]</p>

<esp:h>Privacy and accessibility</esp:h>
<p>Read more about this website's use of:</p>
<ul>
<li><esp:link page="accesskeys">Access keys</esp:link></li>
<li><esp:link page="site-map">Site map</esp:link></li>
<li><esp:link page="standards">Accessibility standards</esp:link></li>
<li><esp:link page="cookies">Cookies under EU law</esp:link>.</li>
</ul>





<p><small>Content last modified: <esp:content-last-modified/></small></p>
<esp:email address="[PROJECT EMAIL]"/>

		</body>
	</html>

</esp:page>
