<?xml version="1.0" encoding="utf-8"?>
<ref:referents
	xmlns:ref="http://oracc.org/ns/esp-refer/1.0"
	xmlns:esp="http://oracc.org/ns/esp/1.0"
	xmlns="http://www.w3.org/1999/xhtml">

<!-- You can delete this file if you're not using it -->

	<!--  EXAMPLES:
	
	<ref:referent id="Anon1676">Anon, <i>Letters and Poems in Honour of the Incomparable Princess, Margaret, Dutchess of Newcastle</i> (London, 1676)</ref:referent>
	<ref:referent id="baker1743">H. Baker, <i>The Microscope Made Easy</i> (London, 1742)</ref:referent>
	<ref:referent id="baker1753">H. Baker, <i>Employment for the Microscope</i> (London, 1785)</ref:referent>
	<ref:referent id="Beddoes1793">T. Beddoes, <i>Observations on the Nature of Demonstrative Evidence...</i> (London, 1793)</ref:referent>
	<ref:referent id="bennett1984">J. Bennett, <i>The Celebrated Phaenomena of Colours: The Early History of the Spectroscope</i> (Cambridge: Whipple Museum of the History of Science, 1984)</ref:referent>
	<ref:referent id="bennett1990">J. A. Bennett, <i>Church, State, and Astronomy in Ireland: 200 Years of Armagh Observatory</i> (Belfast: Institute of Irish Studies, 1990)</ref:referent>
	<ref:referent id="bennett2003">J. Bennett, ‘Knowing and doing in the sixteenth century: what were instruments for?’, <i>British Journal for the History of Science</i> 36.2 (2003)</ref:referent>
	<ref:referent id="Bionstone">From the advertisement following the second title page of Edmund Stone's second edition of N. Bion, <i>The Construction and Principal Uses of Mathematical Instruments ... </i> (London, 1758)</ref:referent>-->
	
	<!--keep references in alphabetical order!!-->
	
	
	<!-- W,X,Y,Z -->
	<!--keep references in alphabetical order!!-->

</ref:referents>

